Query,Query Path,SrcFileName,Line,Column,NodeID,Name,DestFileName,DestLine,DestColumn,DestNodeId,DestName,Result State,Result Severity,Comment,Link,Result Status,Detection Date
SQL_Injection,java/Java_High_Risk/SQL_Injection,/WebGoat-main/src/main/java/org/owasp/webgoat/lessons/sqlinjection/introduction/SqlInjectionLesson9.java,60,81,,auth_tan,/WebGoat-main/src/main/java/org/owasp/webgoat/lessons/sqlinjection/introduction/SqlInjectionLesson9.java,81,24,,execute,TO_VERIFY,HIGH,,https://ast.checkmarx.net/results/1057f136-1e54-48a5-9847-2a916eb55dcf/000d4f49-a778-4ca7-acb8-dcee5bcdb42c/sast,NEW,07/13/2024 04:01
SQL_Injection,java/Java_High_Risk/SQL_Injection,/WebGoat-main/src/main/java/org/owasp/webgoat/lessons/sqlinjection/introduction/SqlInjectionLesson9.java,60,54,,name,/WebGoat-main/src/main/java/org/owasp/webgoat/lessons/sqlinjection/introduction/SqlInjectionLesson9.java,81,24,,execute,TO_VERIFY,HIGH,,https://ast.checkmarx.net/results/1057f136-1e54-48a5-9847-2a916eb55dcf/000d4f49-a778-4ca7-acb8-dcee5bcdb42c/sast,NEW,07/13/2024 04:01
SQL_Injection,java/Java_High_Risk/SQL_Injection,/WebGoat-main/src/main/java/org/owasp/webgoat/lessons/jwt/claimmisuse/JWTHeaderKIDEndpoint.java,86,63,,get,/WebGoat-main/src/main/java/org/owasp/webgoat/lessons/jwt/claimmisuse/JWTHeaderKIDEndpoint.java,91,48,,executeQuery,TO_VERIFY,HIGH,,https://ast.checkmarx.net/results/1057f136-1e54-48a5-9847-2a916eb55dcf/000d4f49-a778-4ca7-acb8-dcee5bcdb42c/sast,RECURRENT,07/13/2024 04:01
SQL_Injection,java/Java_High_Risk/SQL_Injection,/WebGoat-main/src/main/java/org/owasp/webgoat/container/users/RegistrationController.java,54,47,,getName,/WebGoat-main/src/main/java/org/owasp/webgoat/container/users/UserService.java,52,25,,execute,TO_VERIFY,HIGH,,https://ast.checkmarx.net/results/1057f136-1e54-48a5-9847-2a916eb55dcf/000d4f49-a778-4ca7-acb8-dcee5bcdb42c/sast,RECURRENT,07/13/2024 04:01
SQL_Injection,java/Java_High_Risk/SQL_Injection,/WebGoat-main/src/main/java/org/owasp/webgoat/lessons/sqlinjection/introduction/SqlInjectionLesson9.java,60,81,,auth_tan,/WebGoat-main/src/main/java/org/owasp/webgoat/lessons/sqlinjection/introduction/SqlInjectionLesson8.java,158,30,,executeUpdate,TO_VERIFY,HIGH,,https://ast.checkmarx.net/results/1057f136-1e54-48a5-9847-2a916eb55dcf/000d4f49-a778-4ca7-acb8-dcee5bcdb42c/sast,RECURRENT,07/13/2024 04:01
SQL_Injection,java/Java_High_Risk/SQL_Injection,/WebGoat-main/src/main/java/org/owasp/webgoat/lessons/sqlinjection/introduction/SqlInjectionLesson9.java,60,54,,name,/WebGoat-main/src/main/java/org/owasp/webgoat/lessons/sqlinjection/introduction/SqlInjectionLesson8.java,158,30,,executeUpdate,TO_VERIFY,HIGH,,https://ast.checkmarx.net/results/1057f136-1e54-48a5-9847-2a916eb55dcf/000d4f49-a778-4ca7-acb8-dcee5bcdb42c/sast,RECURRENT,07/13/2024 04:01
Second_Order_SQL_Injection,java/Java_High_Risk/Second_Order_SQL_Injection,/WebGoat-main/src/main/java/org/owasp/webgoat/container/users/UserService.java,42,9,,webGoatUser,/WebGoat-main/src/main/java/org/owasp/webgoat/container/users/UserService.java,52,73,,BinaryExpr,TO_VERIFY,HIGH,,https://ast.checkmarx.net/results/1057f136-1e54-48a5-9847-2a916eb55dcf/000d4f49-a778-4ca7-acb8-dcee5bcdb42c/sast,RECURRENT,07/13/2024 04:01
SQL_Injection,java/Java_High_Risk/SQL_Injection,/WebGoat-main/src/main/java/org/owasp/webgoat/lessons/sqlinjection/introduction/SqlInjectionLesson5a.java,55,58,,operator,/WebGoat-main/src/main/java/org/owasp/webgoat/lessons/sqlinjection/introduction/SqlInjectionLesson5a.java,67,51,,executeQuery,TO_VERIFY,HIGH,,https://ast.checkmarx.net/results/1057f136-1e54-48a5-9847-2a916eb55dcf/000d4f49-a778-4ca7-acb8-dcee5bcdb42c/sast,RECURRENT,07/13/2024 04:01
SQL_Injection,java/Java_High_Risk/SQL_Injection,/WebGoat-main/src/main/java/org/owasp/webgoat/lessons/sqlinjection/introduction/SqlInjectionLesson5a.java,55,28,,account,/WebGoat-main/src/main/java/org/owasp/webgoat/lessons/sqlinjection/introduction/SqlInjectionLesson5a.java,67,51,,executeQuery,TO_VERIFY,HIGH,,https://ast.checkmarx.net/results/1057f136-1e54-48a5-9847-2a916eb55dcf/000d4f49-a778-4ca7-acb8-dcee5bcdb42c/sast,RECURRENT,07/13/2024 04:01
SQL_Injection,java/Java_High_Risk/SQL_Injection,/WebGoat-main/src/main/java/org/owasp/webgoat/lessons/sqlinjection/introduction/SqlInjectionLesson5.java,70,40,,query,/WebGoat-main/src/main/java/org/owasp/webgoat/lessons/sqlinjection/introduction/SqlInjectionLesson5.java,80,31,,executeQuery,TO_VERIFY,HIGH,,https://ast.checkmarx.net/results/1057f136-1e54-48a5-9847-2a916eb55dcf/000d4f49-a778-4ca7-acb8-dcee5bcdb42c/sast,RECURRENT,07/13/2024 04:01
SQL_Injection,java/Java_High_Risk/SQL_Injection,/WebGoat-main/src/main/java/org/owasp/webgoat/container/users/RegistrationController.java,44,45,,getUsername,/WebGoat-main/src/main/java/org/owasp/webgoat/container/users/UserService.java,52,25,,execute,TO_VERIFY,HIGH,,https://ast.checkmarx.net/results/1057f136-1e54-48a5-9847-2a916eb55dcf/000d4f49-a778-4ca7-acb8-dcee5bcdb42c/sast,RECURRENT,07/13/2024 04:01
SQL_Injection,java/Java_High_Risk/SQL_Injection,/WebGoat-main/src/main/java/org/owasp/webgoat/lessons/sqlinjection/introduction/SqlInjectionLesson2.java,58,54,,query,/WebGoat-main/src/main/java/org/owasp/webgoat/lessons/sqlinjection/introduction/SqlInjectionLesson2.java,65,49,,executeQuery,TO_VERIFY,HIGH,,https://ast.checkmarx.net/results/1057f136-1e54-48a5-9847-2a916eb55dcf/000d4f49-a778-4ca7-acb8-dcee5bcdb42c/sast,RECURRENT,07/13/2024 04:01
SQL_Injection,java/Java_High_Risk/SQL_Injection,/WebGoat-main/src/main/java/org/owasp/webgoat/lessons/sqlinjection/advanced/SqlInjectionLesson6a.java,56,75,,userId,/WebGoat-main/src/main/java/org/owasp/webgoat/lessons/sqlinjection/advanced/SqlInjectionLesson6a.java,74,51,,executeQuery,TO_VERIFY,HIGH,,https://ast.checkmarx.net/results/1057f136-1e54-48a5-9847-2a916eb55dcf/000d4f49-a778-4ca7-acb8-dcee5bcdb42c/sast,RECURRENT,07/13/2024 04:01
SQL_Injection,java/Java_High_Risk/SQL_Injection,/WebGoat-main/src/main/java/org/owasp/webgoat/container/users/RegistrationController.java,44,69,,getPassword,/WebGoat-main/src/main/java/org/owasp/webgoat/container/users/UserService.java,52,25,,execute,TO_VERIFY,HIGH,,https://ast.checkmarx.net/results/1057f136-1e54-48a5-9847-2a916eb55dcf/000d4f49-a778-4ca7-acb8-dcee5bcdb42c/sast,RECURRENT,07/13/2024 04:01
SQL_Injection,java/Java_High_Risk/SQL_Injection,/WebGoat-main/src/main/java/org/owasp/webgoat/lessons/sqlinjection/introduction/SqlInjectionLesson5b.java,56,28,,userid,/WebGoat-main/src/main/java/org/owasp/webgoat/lessons/sqlinjection/introduction/SqlInjectionLesson5b.java,86,47,,executeQuery,TO_VERIFY,HIGH,,https://ast.checkmarx.net/results/1057f136-1e54-48a5-9847-2a916eb55dcf/000d4f49-a778-4ca7-acb8-dcee5bcdb42c/sast,RECURRENT,07/13/2024 04:01
SQL_Injection,java/Java_High_Risk/SQL_Injection,/WebGoat-main/src/main/java/org/owasp/webgoat/lessons/sqlinjection/introduction/SqlInjectionLesson4.java,54,54,,query,/WebGoat-main/src/main/java/org/owasp/webgoat/lessons/sqlinjection/introduction/SqlInjectionLesson4.java,62,32,,executeUpdate,TO_VERIFY,HIGH,,https://ast.checkmarx.net/results/1057f136-1e54-48a5-9847-2a916eb55dcf/000d4f49-a778-4ca7-acb8-dcee5bcdb42c/sast,RECURRENT,07/13/2024 04:01
SQL_Injection,java/Java_High_Risk/SQL_Injection,/WebGoat-main/src/main/java/org/owasp/webgoat/lessons/sqlinjection/introduction/SqlInjectionLesson10.java,58,54,,action_string,/WebGoat-main/src/main/java/org/owasp/webgoat/lessons/sqlinjection/introduction/SqlInjectionLesson10.java,71,51,,executeQuery,TO_VERIFY,HIGH,,https://ast.checkmarx.net/results/1057f136-1e54-48a5-9847-2a916eb55dcf/000d4f49-a778-4ca7-acb8-dcee5bcdb42c/sast,RECURRENT,07/13/2024 04:01
SQL_Injection,java/Java_High_Risk/SQL_Injection,/WebGoat-main/src/main/java/org/owasp/webgoat/lessons/sqlinjection/advanced/SqlInjectionChallenge.java,57,28,,username_reg,/WebGoat-main/src/main/java/org/owasp/webgoat/lessons/sqlinjection/advanced/SqlInjectionChallenge.java,69,53,,executeQuery,TO_VERIFY,HIGH,,https://ast.checkmarx.net/results/1057f136-1e54-48a5-9847-2a916eb55dcf/000d4f49-a778-4ca7-acb8-dcee5bcdb42c/sast,RECURRENT,07/13/2024 04:01
SQL_Injection,java/Java_High_Risk/SQL_Injection,/WebGoat-main/src/main/java/org/owasp/webgoat/lessons/sqlinjection/mitigation/SqlOnlyInputValidation.java,47,87,,userId,/WebGoat-main/src/main/java/org/owasp/webgoat/lessons/sqlinjection/advanced/SqlInjectionLesson6a.java,74,51,,executeQuery,TO_VERIFY,HIGH,,https://ast.checkmarx.net/results/1057f136-1e54-48a5-9847-2a916eb55dcf/000d4f49-a778-4ca7-acb8-dcee5bcdb42c/sast,RECURRENT,07/13/2024 04:01
SQL_Injection,java/Java_High_Risk/SQL_Injection,/WebGoat-main/src/main/java/org/owasp/webgoat/lessons/sqlinjection/introduction/SqlInjectionLesson3.java,53,54,,query,/WebGoat-main/src/main/java/org/owasp/webgoat/lessons/sqlinjection/introduction/SqlInjectionLesson3.java,63,32,,executeUpdate,TO_VERIFY,HIGH,,https://ast.checkmarx.net/results/1057f136-1e54-48a5-9847-2a916eb55dcf/000d4f49-a778-4ca7-acb8-dcee5bcdb42c/sast,RECURRENT,07/13/2024 04:01
SQL_Injection,java/Java_High_Risk/SQL_Injection,/WebGoat-main/src/main/java/org/owasp/webgoat/lessons/challenges/challenge5/Assignment5.java,50,65,,password_login,/WebGoat-main/src/main/java/org/owasp/webgoat/lessons/challenges/challenge5/Assignment5.java,65,51,,executeQuery,TO_VERIFY,HIGH,,https://ast.checkmarx.net/results/1057f136-1e54-48a5-9847-2a916eb55dcf/000d4f49-a778-4ca7-acb8-dcee5bcdb42c/sast,RECURRENT,07/13/2024 04:01
SQL_Injection,java/Java_High_Risk/SQL_Injection,/WebGoat-main/src/main/java/org/owasp/webgoat/lessons/challenges/challenge5/Assignment5.java,50,28,,username_login,/WebGoat-main/src/main/java/org/owasp/webgoat/lessons/challenges/challenge5/Assignment5.java,65,51,,executeQuery,TO_VERIFY,HIGH,,https://ast.checkmarx.net/results/1057f136-1e54-48a5-9847-2a916eb55dcf/000d4f49-a778-4ca7-acb8-dcee5bcdb42c/sast,RECURRENT,07/13/2024 04:01
SQL_Injection,java/Java_High_Risk/SQL_Injection,/WebGoat-main/src/main/java/org/owasp/webgoat/lessons/sqlinjection/introduction/SqlInjectionLesson8.java,59,81,,auth_tan,/WebGoat-main/src/main/java/org/owasp/webgoat/lessons/sqlinjection/introduction/SqlInjectionLesson8.java,78,51,,executeQuery,TO_VERIFY,HIGH,,https://ast.checkmarx.net/results/1057f136-1e54-48a5-9847-2a916eb55dcf/000d4f49-a778-4ca7-acb8-dcee5bcdb42c/sast,RECURRENT,07/13/2024 04:01
SQL_Injection,java/Java_High_Risk/SQL_Injection,/WebGoat-main/src/main/java/org/owasp/webgoat/lessons/sqlinjection/introduction/SqlInjectionLesson8.java,59,81,,auth_tan,/WebGoat-main/src/main/java/org/owasp/webgoat/lessons/sqlinjection/introduction/SqlInjectionLesson8.java,158,30,,executeUpdate,TO_VERIFY,HIGH,,https://ast.checkmarx.net/results/1057f136-1e54-48a5-9847-2a916eb55dcf/000d4f49-a778-4ca7-acb8-dcee5bcdb42c/sast,RECURRENT,07/13/2024 04:01
SQL_Injection,java/Java_High_Risk/SQL_Injection,/WebGoat-main/src/main/java/org/owasp/webgoat/lessons/sqlinjection/mitigation/SqlOnlyInputValidationOnKeywords.java,52,76,,userId,/WebGoat-main/src/main/java/org/owasp/webgoat/lessons/sqlinjection/advanced/SqlInjectionLesson6a.java,74,51,,executeQuery,TO_VERIFY,HIGH,,https://ast.checkmarx.net/results/1057f136-1e54-48a5-9847-2a916eb55dcf/000d4f49-a778-4ca7-acb8-dcee5bcdb42c/sast,RECURRENT,07/13/2024 04:01
SQL_Injection,java/Java_High_Risk/SQL_Injection,/WebGoat-main/src/main/java/org/owasp/webgoat/lessons/sqlinjection/introduction/SqlInjectionLesson8.java,59,54,,name,/WebGoat-main/src/main/java/org/owasp/webgoat/lessons/sqlinjection/introduction/SqlInjectionLesson8.java,78,51,,executeQuery,TO_VERIFY,HIGH,,https://ast.checkmarx.net/results/1057f136-1e54-48a5-9847-2a916eb55dcf/000d4f49-a778-4ca7-acb8-dcee5bcdb42c/sast,RECURRENT,07/13/2024 04:01
SQL_Injection,java/Java_High_Risk/SQL_Injection,/WebGoat-main/src/main/java/org/owasp/webgoat/lessons/sqlinjection/introduction/SqlInjectionLesson8.java,59,54,,name,/WebGoat-main/src/main/java/org/owasp/webgoat/lessons/sqlinjection/introduction/SqlInjectionLesson8.java,158,30,,executeUpdate,TO_VERIFY,HIGH,,https://ast.checkmarx.net/results/1057f136-1e54-48a5-9847-2a916eb55dcf/000d4f49-a778-4ca7-acb8-dcee5bcdb42c/sast,RECURRENT,07/13/2024 04:01
SQL_Injection,java/Java_High_Risk/SQL_Injection,/WebGoat-main/src/main/java/org/owasp/webgoat/lessons/sqlinjection/introduction/SqlInjectionLesson5a.java,55,89,,injection,/WebGoat-main/src/main/java/org/owasp/webgoat/lessons/sqlinjection/introduction/SqlInjectionLesson5a.java,67,51,,executeQuery,TO_VERIFY,HIGH,,https://ast.checkmarx.net/results/1057f136-1e54-48a5-9847-2a916eb55dcf/000d4f49-a778-4ca7-acb8-dcee5bcdb42c/sast,RECURRENT,07/13/2024 04:01
Reflected_XSS_All_Clients,java/Java_High_Risk/Reflected_XSS_All_Clients,/WebGoat-main/src/main/java/org/owasp/webgoat/lessons/passwordreset/ResetLinkAssignment.java,98,74,,link,/WebGoat-main/src/main/java/org/owasp/webgoat/lessons/passwordreset/ResetLinkAssignment.java,110,12,,modelAndView,TO_VERIFY,HIGH,,https://ast.checkmarx.net/results/1057f136-1e54-48a5-9847-2a916eb55dcf/000d4f49-a778-4ca7-acb8-dcee5bcdb42c/sast,RECURRENT,07/13/2024 04:01
Deserialization_of_Untrusted_Data,java/Java_High_Risk/Deserialization_of_Untrusted_Data,/WebGoat-main/src/main/java/org/owasp/webgoat/lessons/deserialization/InsecureDeserializationTask.java,49,54,,token,/WebGoat-main/src/main/java/org/owasp/webgoat/lessons/deserialization/InsecureDeserializationTask.java,60,32,,readObject,TO_VERIFY,HIGH,,https://ast.checkmarx.net/results/1057f136-1e54-48a5-9847-2a916eb55dcf/000d4f49-a778-4ca7-acb8-dcee5bcdb42c/sast,RECURRENT,07/13/2024 04:01
Deserialization_of_Untrusted_Data,java/Java_High_Risk/Deserialization_of_Untrusted_Data,/WebGoat-main/src/main/java/org/owasp/webgoat/lessons/vulnerablecomponents/VulnerableComponentsLesson.java,40,68,,payload,/WebGoat-main/src/main/java/org/owasp/webgoat/lessons/vulnerablecomponents/VulnerableComponentsLesson.java,57,42,,fromXML,TO_VERIFY,HIGH,,https://ast.checkmarx.net/results/1057f136-1e54-48a5-9847-2a916eb55dcf/000d4f49-a778-4ca7-acb8-dcee5bcdb42c/sast,RECURRENT,07/13/2024 04:01
Parameter_Tampering,java/Java_Medium_Threat/Parameter_Tampering,/WebGoat-main/src/main/java/org/owasp/webgoat/lessons/sqlinjection/advanced/SqlInjectionLesson6a.java,56,75,,userId,/WebGoat-main/src/main/java/org/owasp/webgoat/lessons/sqlinjection/advanced/SqlInjectionLesson6a.java,74,51,,executeQuery,TO_VERIFY,MEDIUM,,https://ast.checkmarx.net/results/1057f136-1e54-48a5-9847-2a916eb55dcf/000d4f49-a778-4ca7-acb8-dcee5bcdb42c/sast,RECURRENT,07/13/2024 04:01
Parameter_Tampering,java/Java_Medium_Threat/Parameter_Tampering,/WebGoat-main/src/main/java/org/owasp/webgoat/lessons/sqlinjection/advanced/SqlInjectionChallenge.java,57,28,,username_reg,/WebGoat-main/src/main/java/org/owasp/webgoat/lessons/sqlinjection/advanced/SqlInjectionChallenge.java,69,53,,executeQuery,TO_VERIFY,MEDIUM,,https://ast.checkmarx.net/results/1057f136-1e54-48a5-9847-2a916eb55dcf/000d4f49-a778-4ca7-acb8-dcee5bcdb42c/sast,RECURRENT,07/13/2024 04:01
Improper_Restriction_of_XXE_Ref,java/Java_Medium_Threat/Improper_Restriction_of_XXE_Ref,/WebGoat-main/src/main/java/org/owasp/webgoat/lessons/xxe/BlindSendFileAssignment.java,87,54,,commentStr,/WebGoat-main/src/main/java/org/owasp/webgoat/lessons/xxe/CommentsCache.java,105,40,,createXMLStreamReader,TO_VERIFY,MEDIUM,,https://ast.checkmarx.net/results/1057f136-1e54-48a5-9847-2a916eb55dcf/000d4f49-a778-4ca7-acb8-dcee5bcdb42c/sast,RECURRENT,07/13/2024 04:01
Improper_Restriction_of_XXE_Ref,java/Java_Medium_Threat/Improper_Restriction_of_XXE_Ref,/WebGoat-main/src/main/java/org/owasp/webgoat/lessons/xxe/SimpleXXE.java,73,88,,commentStr,/WebGoat-main/src/main/java/org/owasp/webgoat/lessons/xxe/CommentsCache.java,105,40,,createXMLStreamReader,TO_VERIFY,MEDIUM,,https://ast.checkmarx.net/results/1057f136-1e54-48a5-9847-2a916eb55dcf/000d4f49-a778-4ca7-acb8-dcee5bcdb42c/sast,RECURRENT,07/13/2024 04:01
Improper_Restriction_of_XXE_Ref,java/Java_Medium_Threat/Improper_Restriction_of_XXE_Ref,/WebGoat-main/src/main/java/org/owasp/webgoat/lessons/xxe/ContentTypeAssignment.java,62,27,,commentStr,/WebGoat-main/src/main/java/org/owasp/webgoat/lessons/xxe/CommentsCache.java,105,40,,createXMLStreamReader,TO_VERIFY,MEDIUM,,https://ast.checkmarx.net/results/1057f136-1e54-48a5-9847-2a916eb55dcf/000d4f49-a778-4ca7-acb8-dcee5bcdb42c/sast,RECURRENT,07/13/2024 04:01
JWT_Sensitive_Information_Exposure,java/Java_Medium_Threat/JWT_Sensitive_Information_Exposure,/WebGoat-main/src/main/java/org/owasp/webgoat/lessons/jwt/JWTRefreshEndpoint.java,137,39,,JWT_PASSWORD,/WebGoat-main/src/main/java/org/owasp/webgoat/lessons/jwt/JWTRefreshEndpoint.java,88,23,,setClaims,TO_VERIFY,MEDIUM,,https://ast.checkmarx.net/results/1057f136-1e54-48a5-9847-2a916eb55dcf/000d4f49-a778-4ca7-acb8-dcee5bcdb42c/sast,RECURRENT,07/13/2024 04:01
Relative_Path_Traversal,java/Java_Medium_Threat/Relative_Path_Traversal,/WebGoat-main/src/main/java/org/owasp/webgoat/webwolf/FileServer.java,84,43,,myFile,/WebGoat-main/src/main/java/org/owasp/webgoat/webwolf/FileServer.java,90,35,,File,TO_VERIFY,MEDIUM,,https://ast.checkmarx.net/results/1057f136-1e54-48a5-9847-2a916eb55dcf/000d4f49-a778-4ca7-acb8-dcee5bcdb42c/sast,RECURRENT,07/13/2024 04:01
Absolute_Path_Traversal,java/Java_Medium_Threat/Absolute_Path_Traversal,/WebGoat-main/src/main/java/org/owasp/webgoat/lessons/pathtraversal/ProfileUploadFix.java,37,54,,file,/WebGoat-main/src/main/java/org/owasp/webgoat/lessons/pathtraversal/ProfileUploadBase.java,44,25,,copy,TO_VERIFY,MEDIUM,,https://ast.checkmarx.net/results/1057f136-1e54-48a5-9847-2a916eb55dcf/000d4f49-a778-4ca7-acb8-dcee5bcdb42c/sast,RECURRENT,07/13/2024 04:01
Relative_Path_Traversal,java/Java_Medium_Threat/Relative_Path_Traversal,/WebGoat-main/src/it/java/org/owasp/webgoat/IntegrationTest.java,241,17,,get,/WebGoat-main/src/it/java/org/owasp/webgoat/XXEIntegrationTest.java,67,19,,delete,TO_VERIFY,MEDIUM,,https://ast.checkmarx.net/results/1057f136-1e54-48a5-9847-2a916eb55dcf/000d4f49-a778-4ca7-acb8-dcee5bcdb42c/sast,RECURRENT,07/13/2024 04:01
Unchecked_Input_for_Loop_Condition,java/Java_Medium_Threat/Unchecked_Input_for_Loop_Condition,/WebGoat-main/src/main/java/org/owasp/webgoat/lessons/sqlinjection/mitigation/Servers.java,67,49,,column,/WebGoat-main/src/main/java/org/owasp/webgoat/lessons/sqlinjection/mitigation/Servers.java,77,18,,rs,TO_VERIFY,MEDIUM,,https://ast.checkmarx.net/results/1057f136-1e54-48a5-9847-2a916eb55dcf/000d4f49-a778-4ca7-acb8-dcee5bcdb42c/sast,RECURRENT,07/13/2024 04:01
Absolute_Path_Traversal,java/Java_Medium_Threat/Absolute_Path_Traversal,/WebGoat-main/src/main/java/org/owasp/webgoat/lessons/pathtraversal/ProfileUpload.java,37,51,,file,/WebGoat-main/src/main/java/org/owasp/webgoat/lessons/pathtraversal/ProfileUploadBase.java,44,25,,copy,TO_VERIFY,MEDIUM,,https://ast.checkmarx.net/results/1057f136-1e54-48a5-9847-2a916eb55dcf/000d4f49-a778-4ca7-acb8-dcee5bcdb42c/sast,RECURRENT,07/13/2024 04:01
Absolute_Path_Traversal,java/Java_Medium_Threat/Absolute_Path_Traversal,/WebGoat-main/src/main/java/org/owasp/webgoat/webwolf/FileServer.java,84,43,,myFile,/WebGoat-main/src/main/java/org/owasp/webgoat/webwolf/FileServer.java,89,22,,transferTo,TO_VERIFY,MEDIUM,,https://ast.checkmarx.net/results/1057f136-1e54-48a5-9847-2a916eb55dcf/000d4f49-a778-4ca7-acb8-dcee5bcdb42c/sast,RECURRENT,07/13/2024 04:01
Absolute_Path_Traversal,java/Java_Medium_Threat/Absolute_Path_Traversal,/WebGoat-main/src/main/java/org/owasp/webgoat/lessons/pathtraversal/ProfileZipSlip.java,51,92,,file,/WebGoat-main/src/main/java/org/owasp/webgoat/lessons/pathtraversal/ProfileZipSlip.java,69,21,,ZipFile,TO_VERIFY,MEDIUM,,https://ast.checkmarx.net/results/1057f136-1e54-48a5-9847-2a916eb55dcf/000d4f49-a778-4ca7-acb8-dcee5bcdb42c/sast,RECURRENT,07/13/2024 04:01
Absolute_Path_Traversal,java/Java_Medium_Threat/Absolute_Path_Traversal,/WebGoat-main/src/main/java/org/owasp/webgoat/lessons/pathtraversal/ProfileZipSlip.java,51,92,,file,/WebGoat-main/src/main/java/org/owasp/webgoat/lessons/pathtraversal/ProfileZipSlip.java,67,25,,copy,TO_VERIFY,MEDIUM,,https://ast.checkmarx.net/results/1057f136-1e54-48a5-9847-2a916eb55dcf/000d4f49-a778-4ca7-acb8-dcee5bcdb42c/sast,RECURRENT,07/13/2024 04:01
Absolute_Path_Traversal,java/Java_Medium_Threat/Absolute_Path_Traversal,/WebGoat-main/src/main/java/org/owasp/webgoat/lessons/pathtraversal/ProfileUploadRemoveUserInput.java,35,66,,file,/WebGoat-main/src/main/java/org/owasp/webgoat/lessons/pathtraversal/ProfileUploadBase.java,44,25,,copy,TO_VERIFY,MEDIUM,,https://ast.checkmarx.net/results/1057f136-1e54-48a5-9847-2a916eb55dcf/000d4f49-a778-4ca7-acb8-dcee5bcdb42c/sast,RECURRENT,07/13/2024 04:01
Relative_Path_Traversal,java/Java_Medium_Threat/Relative_Path_Traversal,/WebGoat-main/src/main/java/org/owasp/webgoat/webwolf/FileServer.java,86,45,,getName,/WebGoat-main/src/main/java/org/owasp/webgoat/webwolf/FileServer.java,87,26,,File,TO_VERIFY,MEDIUM,,https://ast.checkmarx.net/results/1057f136-1e54-48a5-9847-2a916eb55dcf/000d4f49-a778-4ca7-acb8-dcee5bcdb42c/sast,RECURRENT,07/13/2024 04:01
Relative_Path_Traversal,java/Java_Medium_Threat/Relative_Path_Traversal,/WebGoat-main/src/main/java/org/owasp/webgoat/webwolf/FileServer.java,84,43,,myFile,/WebGoat-main/src/main/java/org/owasp/webgoat/webwolf/FileServer.java,89,23,,File,TO_VERIFY,MEDIUM,,https://ast.checkmarx.net/results/1057f136-1e54-48a5-9847-2a916eb55dcf/000d4f49-a778-4ca7-acb8-dcee5bcdb42c/sast,RECURRENT,07/13/2024 04:01
Relative_Path_Traversal,java/Java_Medium_Threat/Relative_Path_Traversal,/WebGoat-main/src/main/java/org/owasp/webgoat/webwolf/FileServer.java,100,72,,getName,/WebGoat-main/src/main/java/org/owasp/webgoat/webwolf/FileServer.java,101,27,,File,TO_VERIFY,MEDIUM,,https://ast.checkmarx.net/results/1057f136-1e54-48a5-9847-2a916eb55dcf/000d4f49-a778-4ca7-acb8-dcee5bcdb42c/sast,RECURRENT,07/13/2024 04:01
Parameter_Tampering,java/Java_Medium_Threat/Parameter_Tampering,/WebGoat-main/src/main/java/org/owasp/webgoat/lessons/jwt/claimmisuse/JWTHeaderKIDEndpoint.java,86,63,,get,/WebGoat-main/src/main/java/org/owasp/webgoat/lessons/jwt/claimmisuse/JWTHeaderKIDEndpoint.java,91,48,,executeQuery,TO_VERIFY,MEDIUM,,https://ast.checkmarx.net/results/1057f136-1e54-48a5-9847-2a916eb55dcf/000d4f49-a778-4ca7-acb8-dcee5bcdb42c/sast,RECURRENT,07/13/2024 04:01
JWT_No_Signature_Verification,java/Java_Medium_Threat/JWT_No_Signature_Verification,/WebGoat-main/src/test/java/org/owasp/webgoat/lessons/jwt/TokenTest.java,55,15,,Jwts,/WebGoat-main/src/test/java/org/owasp/webgoat/lessons/jwt/TokenTest.java,65,19,,parse,TO_VERIFY,MEDIUM,,https://ast.checkmarx.net/results/1057f136-1e54-48a5-9847-2a916eb55dcf/000d4f49-a778-4ca7-acb8-dcee5bcdb42c/sast,RECURRENT,07/13/2024 04:01
Relative_Path_Traversal,java/Java_Medium_Threat/Relative_Path_Traversal,/WebGoat-main/src/main/java/org/owasp/webgoat/lessons/pathtraversal/ProfileUpload.java,38,66,,fullName,/WebGoat-main/src/main/java/org/owasp/webgoat/lessons/pathtraversal/ProfileUploadBase.java,42,26,,File,TO_VERIFY,MEDIUM,,https://ast.checkmarx.net/results/1057f136-1e54-48a5-9847-2a916eb55dcf/000d4f49-a778-4ca7-acb8-dcee5bcdb42c/sast,RECURRENT,07/13/2024 04:01
Relative_Path_Traversal,java/Java_Medium_Threat/Relative_Path_Traversal,/WebGoat-main/src/main/java/org/owasp/webgoat/lessons/pathtraversal/ProfileUploadRemoveUserInput.java,35,66,,file,/WebGoat-main/src/main/java/org/owasp/webgoat/lessons/pathtraversal/ProfileUploadBase.java,42,26,,File,TO_VERIFY,MEDIUM,,https://ast.checkmarx.net/results/1057f136-1e54-48a5-9847-2a916eb55dcf/000d4f49-a778-4ca7-acb8-dcee5bcdb42c/sast,RECURRENT,07/13/2024 04:01
Relative_Path_Traversal,java/Java_Medium_Threat/Relative_Path_Traversal,/WebGoat-main/src/main/java/org/owasp/webgoat/lessons/pathtraversal/ProfileUploadFix.java,38,69,,fullName,/WebGoat-main/src/main/java/org/owasp/webgoat/lessons/pathtraversal/ProfileUploadBase.java,42,26,,File,TO_VERIFY,MEDIUM,,https://ast.checkmarx.net/results/1057f136-1e54-48a5-9847-2a916eb55dcf/000d4f49-a778-4ca7-acb8-dcee5bcdb42c/sast,RECURRENT,07/13/2024 04:01
JWT_No_Signature_Verification,java/Java_Medium_Threat/JWT_No_Signature_Verification,/WebGoat-main/src/main/java/org/owasp/webgoat/lessons/jwt/JWTRefreshEndpoint.java,107,17,,Jwts,/WebGoat-main/src/main/java/org/owasp/webgoat/lessons/jwt/JWTRefreshEndpoint.java,107,64,,parse,TO_VERIFY,MEDIUM,,https://ast.checkmarx.net/results/1057f136-1e54-48a5-9847-2a916eb55dcf/000d4f49-a778-4ca7-acb8-dcee5bcdb42c/sast,RECURRENT,07/13/2024 04:01
JWT_No_Signature_Verification,java/Java_Medium_Threat/JWT_No_Signature_Verification,/WebGoat-main/src/it/java/org/owasp/webgoat/JWTLessonIntegrationTest.java,75,19,,Jwts,/WebGoat-main/src/it/java/org/owasp/webgoat/JWTLessonIntegrationTest.java,75,82,,parse,TO_VERIFY,MEDIUM,,https://ast.checkmarx.net/results/1057f136-1e54-48a5-9847-2a916eb55dcf/000d4f49-a778-4ca7-acb8-dcee5bcdb42c/sast,RECURRENT,07/13/2024 04:01
JWT_No_Signature_Verification,java/Java_Medium_Threat/JWT_No_Signature_Verification,/WebGoat-main/src/test/java/org/owasp/webgoat/lessons/jwt/TokenTest.java,55,15,,Jwts,/WebGoat-main/src/test/java/org/owasp/webgoat/lessons/jwt/TokenTest.java,55,68,,parse,TO_VERIFY,MEDIUM,,https://ast.checkmarx.net/results/1057f136-1e54-48a5-9847-2a916eb55dcf/000d4f49-a778-4ca7-acb8-dcee5bcdb42c/sast,RECURRENT,07/13/2024 04:01
JWT_No_Signature_Verification,java/Java_Medium_Threat/JWT_No_Signature_Verification,/WebGoat-main/src/main/java/org/owasp/webgoat/lessons/jwt/JWTRefreshEndpoint.java,137,11,,Jwts,/WebGoat-main/src/main/java/org/owasp/webgoat/lessons/jwt/JWTRefreshEndpoint.java,137,58,,parse,TO_VERIFY,MEDIUM,,https://ast.checkmarx.net/results/1057f136-1e54-48a5-9847-2a916eb55dcf/000d4f49-a778-4ca7-acb8-dcee5bcdb42c/sast,RECURRENT,07/13/2024 04:01
JWT_No_Signature_Verification,java/Java_Medium_Threat/JWT_No_Signature_Verification,/WebGoat-main/src/test/java/org/owasp/webgoat/lessons/jwt/TokenTest.java,57,9,,Jwts,/WebGoat-main/src/test/java/org/owasp/webgoat/lessons/jwt/TokenTest.java,65,19,,parse,TO_VERIFY,MEDIUM,,https://ast.checkmarx.net/results/1057f136-1e54-48a5-9847-2a916eb55dcf/000d4f49-a778-4ca7-acb8-dcee5bcdb42c/sast,RECURRENT,07/13/2024 04:01
JWT_No_Signature_Verification,java/Java_Medium_Threat/JWT_No_Signature_Verification,/WebGoat-main/src/main/java/org/owasp/webgoat/lessons/jwt/JWTVotesEndpoint.java,155,19,,Jwts,/WebGoat-main/src/main/java/org/owasp/webgoat/lessons/jwt/JWTVotesEndpoint.java,155,66,,parse,TO_VERIFY,MEDIUM,,https://ast.checkmarx.net/results/1057f136-1e54-48a5-9847-2a916eb55dcf/000d4f49-a778-4ca7-acb8-dcee5bcdb42c/sast,RECURRENT,07/13/2024 04:01
JWT_No_Signature_Verification,java/Java_Medium_Threat/JWT_No_Signature_Verification,/WebGoat-main/src/main/java/org/owasp/webgoat/lessons/jwt/JWTVotesEndpoint.java,203,19,,Jwts,/WebGoat-main/src/main/java/org/owasp/webgoat/lessons/jwt/JWTVotesEndpoint.java,203,66,,parse,TO_VERIFY,MEDIUM,,https://ast.checkmarx.net/results/1057f136-1e54-48a5-9847-2a916eb55dcf/000d4f49-a778-4ca7-acb8-dcee5bcdb42c/sast,RECURRENT,07/13/2024 04:01
JWT_No_Signature_Verification,java/Java_Medium_Threat/JWT_No_Signature_Verification,/WebGoat-main/src/main/java/org/owasp/webgoat/lessons/jwt/JWTVotesEndpoint.java,180,19,,Jwts,/WebGoat-main/src/main/java/org/owasp/webgoat/lessons/jwt/JWTVotesEndpoint.java,180,66,,parse,TO_VERIFY,MEDIUM,,https://ast.checkmarx.net/results/1057f136-1e54-48a5-9847-2a916eb55dcf/000d4f49-a778-4ca7-acb8-dcee5bcdb42c/sast,RECURRENT,07/13/2024 04:01
HttpOnlyCookies,java/Java_Medium_Threat/HttpOnlyCookies,/WebGoat-main/src/main/java/org/owasp/webgoat/lessons/spoofcookie/SpoofCookieAssignment.java,79,12,,cookie,/WebGoat-main/src/main/java/org/owasp/webgoat/lessons/spoofcookie/SpoofCookieAssignment.java,81,23,,addCookie,TO_VERIFY,MEDIUM,,https://ast.checkmarx.net/results/1057f136-1e54-48a5-9847-2a916eb55dcf/000d4f49-a778-4ca7-acb8-dcee5bcdb42c/sast,RECURRENT,07/13/2024 04:01
HttpOnlyCookies,java/Java_Medium_Threat/HttpOnlyCookies,/WebGoat-main/src/main/java/org/owasp/webgoat/lessons/spoofcookie/SpoofCookieAssignment.java,95,14,,newCookie,/WebGoat-main/src/main/java/org/owasp/webgoat/lessons/spoofcookie/SpoofCookieAssignment.java,98,25,,addCookie,TO_VERIFY,MEDIUM,,https://ast.checkmarx.net/results/1057f136-1e54-48a5-9847-2a916eb55dcf/000d4f49-a778-4ca7-acb8-dcee5bcdb42c/sast,RECURRENT,07/13/2024 04:01
Unsafe_Object_Binding,java/Java_Medium_Threat/Unsafe_Object_Binding,/WebGoat-main/src/main/java/org/owasp/webgoat/container/users/RegistrationController.java,35,51,,userForm,/WebGoat-main/src/main/java/org/owasp/webgoat/container/users/UserService.java,45,33,,save,TO_VERIFY,MEDIUM,,https://ast.checkmarx.net/results/1057f136-1e54-48a5-9847-2a916eb55dcf/000d4f49-a778-4ca7-acb8-dcee5bcdb42c/sast,RECURRENT,07/13/2024 04:01
Unsafe_Object_Binding,java/Java_Medium_Threat/Unsafe_Object_Binding,/WebGoat-main/src/main/java/org/owasp/webgoat/webwolf/mailbox/MailboxController.java,60,44,,email,/WebGoat-main/src/main/java/org/owasp/webgoat/webwolf/mailbox/MailboxController.java,61,27,,save,TO_VERIFY,MEDIUM,,https://ast.checkmarx.net/results/1057f136-1e54-48a5-9847-2a916eb55dcf/000d4f49-a778-4ca7-acb8-dcee5bcdb42c/sast,RECURRENT,07/13/2024 04:01
Use_of_a_One_Way_Hash_with_a_Predictable_Salt,java/Java_Medium_Threat/Use_of_a_One_Way_Hash_with_a_Predictable_Salt,/WebGoat-main/src/main/java/org/owasp/webgoat/lessons/missingac/DisplayUser.java,57,32,,passwordSalt,/WebGoat-main/src/main/java/org/owasp/webgoat/lessons/missingac/DisplayUser.java,59,28,,digest,TO_VERIFY,MEDIUM,,https://ast.checkmarx.net/results/1057f136-1e54-48a5-9847-2a916eb55dcf/000d4f49-a778-4ca7-acb8-dcee5bcdb42c/sast,RECURRENT,07/13/2024 04:01
Use_of_a_One_Way_Hash_with_a_Predictable_Salt,java/Java_Medium_Threat/Use_of_a_One_Way_Hash_with_a_Predictable_Salt,/WebGoat-main/src/main/java/org/owasp/webgoat/lessons/missingac/DisplayUser.java,57,21,,password,/WebGoat-main/src/main/java/org/owasp/webgoat/lessons/missingac/DisplayUser.java,59,28,,digest,TO_VERIFY,MEDIUM,,https://ast.checkmarx.net/results/1057f136-1e54-48a5-9847-2a916eb55dcf/000d4f49-a778-4ca7-acb8-dcee5bcdb42c/sast,RECURRENT,07/13/2024 04:01
Unsafe_Object_Binding,java/Java_Medium_Threat/Unsafe_Object_Binding,/WebGoat-main/src/main/java/org/owasp/webgoat/container/users/RegistrationController.java,35,51,,userForm,/WebGoat-main/src/main/java/org/owasp/webgoat/container/users/UserService.java,42,42,,save,TO_VERIFY,MEDIUM,,https://ast.checkmarx.net/results/1057f136-1e54-48a5-9847-2a916eb55dcf/000d4f49-a778-4ca7-acb8-dcee5bcdb42c/sast,RECURRENT,07/13/2024 04:01
Session_Fixation,java/Java_Medium_Threat/Session_Fixation,/WebGoat-main/src/main/java/org/owasp/webgoat/container/controller/Welcome.java,63,27,,setAttribute,/WebGoat-main/src/main/java/org/owasp/webgoat/container/controller/Welcome.java,63,27,,setAttribute,TO_VERIFY,MEDIUM,,https://ast.checkmarx.net/results/1057f136-1e54-48a5-9847-2a916eb55dcf/000d4f49-a778-4ca7-acb8-dcee5bcdb42c/sast,RECURRENT,07/13/2024 04:01
SSRF,java/Java_Medium_Threat/SSRF,/WebGoat-main/src/main/java/org/owasp/webgoat/lessons/ssrf/SSRFTask2.java,44,54,,url,/WebGoat-main/src/main/java/org/owasp/webgoat/lessons/ssrf/SSRFTask2.java,51,52,,openStream,TO_VERIFY,MEDIUM,,https://ast.checkmarx.net/results/1057f136-1e54-48a5-9847-2a916eb55dcf/000d4f49-a778-4ca7-acb8-dcee5bcdb42c/sast,RECURRENT,07/13/2024 04:01
Parameter_Tampering,java/Java_Medium_Threat/Parameter_Tampering,/WebGoat-main/src/main/java/org/owasp/webgoat/lessons/sqlinjection/introduction/SqlInjectionLesson10.java,58,54,,action_string,/WebGoat-main/src/main/java/org/owasp/webgoat/lessons/sqlinjection/introduction/SqlInjectionLesson10.java,71,51,,executeQuery,TO_VERIFY,MEDIUM,,https://ast.checkmarx.net/results/1057f136-1e54-48a5-9847-2a916eb55dcf/000d4f49-a778-4ca7-acb8-dcee5bcdb42c/sast,RECURRENT,07/13/2024 04:01
HttpOnlyCookies,java/Java_Medium_Threat/HttpOnlyCookies,/WebGoat-main/src/main/java/org/owasp/webgoat/lessons/jwt/JWTVotesEndpoint.java,130,14,,cookie,/WebGoat-main/src/main/java/org/owasp/webgoat/lessons/jwt/JWTVotesEndpoint.java,131,25,,addCookie,TO_VERIFY,MEDIUM,,https://ast.checkmarx.net/results/1057f136-1e54-48a5-9847-2a916eb55dcf/000d4f49-a778-4ca7-acb8-dcee5bcdb42c/sast,RECURRENT,07/13/2024 04:01
HttpOnlyCookies,java/Java_Medium_Threat/HttpOnlyCookies,/WebGoat-main/src/main/java/org/owasp/webgoat/lessons/hijacksession/HijackSessionAssignment.java,86,12,,cookie,/WebGoat-main/src/main/java/org/owasp/webgoat/lessons/hijacksession/HijackSessionAssignment.java,89,23,,addCookie,TO_VERIFY,MEDIUM,,https://ast.checkmarx.net/results/1057f136-1e54-48a5-9847-2a916eb55dcf/000d4f49-a778-4ca7-acb8-dcee5bcdb42c/sast,RECURRENT,07/13/2024 04:01
HttpOnlyCookies,java/Java_Medium_Threat/HttpOnlyCookies,/WebGoat-main/src/main/java/org/owasp/webgoat/lessons/jwt/JWTVotesEndpoint.java,135,14,,cookie,/WebGoat-main/src/main/java/org/owasp/webgoat/lessons/jwt/JWTVotesEndpoint.java,136,25,,addCookie,TO_VERIFY,MEDIUM,,https://ast.checkmarx.net/results/1057f136-1e54-48a5-9847-2a916eb55dcf/000d4f49-a778-4ca7-acb8-dcee5bcdb42c/sast,RECURRENT,07/13/2024 04:01
