Query,Query Path,SrcFileName,Line,Column,NodeID,Name,DestFileName,DestLine,DestColumn,DestNodeId,DestName,Result State,Result Severity,Comment,Link,Result Status,Detection Date
Client_HTML5_Store_Sensitive_data_In_Web_Storage,javascript/JavaScript_Medium_Threat/Client_HTML5_Store_Sensitive_data_In_Web_Storage,/Front-End-FSD-C4-ReactJs-Eshop-Suramya_Panigrahi-main/src/context/authContext.js,58,29,,username,/Front-End-FSD-C4-ReactJs-Eshop-Suramya_Panigrahi-main/src/context/authContext.js,129,49,,role,TO_VERIFY,MEDIUM,,https://ast.checkmarx.net/results/453f4859-d00f-4d3f-9e76-4438419453f3/000d4f49-a778-4ca7-acb8-dcee5bcdb42c/sast,NEW,07/13/2024 04:10
Client_HTML5_Store_Sensitive_data_In_Web_Storage,javascript/JavaScript_Medium_Threat/Client_HTML5_Store_Sensitive_data_In_Web_Storage,/Front-End-FSD-C4-ReactJs-Eshop-Suramya_Panigrahi-main/src/context/authContext.js,58,29,,username,/Front-End-FSD-C4-ReactJs-Eshop-Suramya_Panigrahi-main/src/context/authContext.js,125,49,,currentUser,TO_VERIFY,MEDIUM,,https://ast.checkmarx.net/results/453f4859-d00f-4d3f-9e76-4438419453f3/000d4f49-a778-4ca7-acb8-dcee5bcdb42c/sast,NEW,07/13/2024 04:10
Client_HTML5_Store_Sensitive_data_In_Web_Storage,javascript/JavaScript_Medium_Threat/Client_HTML5_Store_Sensitive_data_In_Web_Storage,/Front-End-FSD-C4-ReactJs-Eshop-Suramya_Panigrahi-main/src/components/Login/Login.jsx,53,5,,password,/Front-End-FSD-C4-ReactJs-Eshop-Suramya_Panigrahi-main/src/components/Login/Login.jsx,113,53,,input,TO_VERIFY,MEDIUM,,https://ast.checkmarx.net/results/453f4859-d00f-4d3f-9e76-4438419453f3/000d4f49-a778-4ca7-acb8-dcee5bcdb42c/sast,NEW,07/13/2024 04:10
Client_HTML5_Store_Sensitive_data_In_Web_Storage,javascript/JavaScript_Medium_Threat/Client_HTML5_Store_Sensitive_data_In_Web_Storage,/Front-End-FSD-C4-ReactJs-Eshop-Suramya_Panigrahi-main/src/components/Login/Login.jsx,52,5,,username,/Front-End-FSD-C4-ReactJs-Eshop-Suramya_Panigrahi-main/src/components/Login/Login.jsx,113,53,,input,TO_VERIFY,MEDIUM,,https://ast.checkmarx.net/results/453f4859-d00f-4d3f-9e76-4438419453f3/000d4f49-a778-4ca7-acb8-dcee5bcdb42c/sast,NEW,07/13/2024 04:10
Client_Privacy_Violation,javascript/JavaScript_Medium_Threat/Client_Privacy_Violation,/Front-End-FSD-C4-ReactJs-Eshop-Suramya_Panigrahi-main/src/components/Signup/Signup.jsx,47,5,,password,/Front-End-FSD-C4-ReactJs-Eshop-Suramya_Panigrahi-main/src/components/Signup/Signup.jsx,140,17,,log,TO_VERIFY,MEDIUM,,https://ast.checkmarx.net/results/453f4859-d00f-4d3f-9e76-4438419453f3/000d4f49-a778-4ca7-acb8-dcee5bcdb42c/sast,NEW,07/13/2024 04:10
