Id,CveName,Score,OriginalScore,Severity,PublishDate,References,Description,Cvss2,Cvss3,PackageId,PackageName,PackageVersion,PackageManager,FixResolutionText,IsIgnored,RiskState,RiskStateLastUpdateDate,RiskStateLastUpdateUser,RiskStateLastUpdateComment,RiskStatus,FirstFoundAt,Kev,Poc,Epss,EpssValue,EpssPercentile,ExploitablePath,ExploitableMethods,Cwe,IsViolatingPolicy,Type
"CVE-2024-4068","CVE-2024-4068",7.5,7.5,"High",2024-01-24T16:25:00.000Z,["https://github.com/advisories/GHSA-grv7-fg5c-xmjg";"https://github.com/micromatch/braces/issues/35";"https://advisory.checkmarx.net/";"https://github.com/micromatch/braces/pull/37";"https://github.com/micromatch/braces/pull/40";"https://github.com/micromatch/braces/commit/415d660c3002d1ab7e63dbf490c9851da80596ff"],"The NPM package 'braces', versions prior to 3.0.3, fails to limit the number of characters it can handle, which could lead to Memory Exhaustion. In 'lib/parse.js,' if a malicious user sends 'imbalanced braces' as input, the parsing will enter a loop, which will cause the program to start allocating heap memory without freeing it at any moment of the loop. Eventually, the JavaScript heap limit is reached, and the program will crash.",,{"Scope":"UNCHANGED";"AttackVector":"NETWORK";"AttackComplexity":"LOW";"Confidentiality":"NONE";"Availability":"HIGH";"ExploitCodeMaturity":"";"RemediationLevel":"";"ReportConfidence":"";"ConfidentialityRequirement":"";"IntegrityRequirement":"";"AvailabilityRequirement":"";"Severity":"High";"BaseScore":"7.5"},"Npm-braces-3.0.2","braces","3.0.2","Npm",,False,"ToVerify",,,,"New",2024-07-13T04:10:08.725Z,False,False,True,0.00045,0.15866,False,[],"CWE-400",False,"Regular"
"Cx89601373-08db","Cx89601373-08db",7.5,7.5,"High",2020-12-10T17:55:00.000Z,["https://github.com/visionmedia/debug/issues/678";"https://github.com/visionmedia/debug/pull/740";"https://github.com/visionmedia/debug/commit/72e7f864bd75fc8353e4dd450de96d9104ba9f35";"https://github.com/MarioTeixeiraCx/POCs/blob/main/POC.md"],"NPM `debug` prior to 4.3.0 has a Memory Leak when creating `debug` instances inside a function which can have a significant impact in the Availability. This happens since the function `debug` in the file `src/common.js` does not free up used memory.",,{"Scope":"UNCHANGED";"AttackVector":"NETWORK";"AttackComplexity":"LOW";"Confidentiality":"NONE";"Availability":"HIGH";"ExploitCodeMaturity":null;"RemediationLevel":null;"ReportConfidence":"REASONABLE";"ConfidentialityRequirement":null;"IntegrityRequirement":null;"AvailabilityRequirement":null;"Severity":"High";"BaseScore":"7.5"},"Npm-debug-2.6.9","debug","2.6.9","Npm",,False,"ToVerify",,,,"New",2024-07-13T04:10:08.725Z,False,False,False,,,False,[],"CWE-401",False,"Regular"
"Cx8bc4df28-fcf5","Cx8bc4df28-fcf5",7.5,7.5,"High",2020-12-10T17:14:00.000Z,["https://github.com/debug-js/debug/issues/737";"https://github.com/debug-js/debug/issues/656";"https://github.com/brunodays/POCs/blob/master/debug/POC.md"],"In NPM `debug`, the `enable` function accepts a regular expression from user input without escaping it. Arbitrary regular expressions could be injected to cause a Denial of Service attack on the user's browser, otherwise known as a ReDoS (Regular Expression Denial of Service). This is a different issue than CVE-2017-16137.",,{"Scope":"UNCHANGED";"AttackVector":"NETWORK";"AttackComplexity":"LOW";"Confidentiality":"NONE";"Availability":"HIGH";"ExploitCodeMaturity":"";"RemediationLevel":"";"ReportConfidence":"";"ConfidentialityRequirement":"";"IntegrityRequirement":"";"AvailabilityRequirement":"";"Severity":"High";"BaseScore":"7.5"},"Npm-debug-2.6.9","debug","2.6.9","Npm",,False,"ToVerify",,,,"New",2024-07-13T04:10:08.725Z,False,False,False,,,False,[],"CWE-1333",False,"Regular"
"Cx89601373-08db","Cx89601373-08db",7.5,7.5,"High",2020-12-10T17:55:00.000Z,["https://github.com/visionmedia/debug/issues/678";"https://github.com/visionmedia/debug/pull/740";"https://github.com/visionmedia/debug/commit/72e7f864bd75fc8353e4dd450de96d9104ba9f35";"https://github.com/MarioTeixeiraCx/POCs/blob/main/POC.md"],"NPM `debug` prior to 4.3.0 has a Memory Leak when creating `debug` instances inside a function which can have a significant impact in the Availability. This happens since the function `debug` in the file `src/common.js` does not free up used memory.",,{"Scope":"UNCHANGED";"AttackVector":"NETWORK";"AttackComplexity":"LOW";"Confidentiality":"NONE";"Availability":"HIGH";"ExploitCodeMaturity":null;"RemediationLevel":null;"ReportConfidence":"REASONABLE";"ConfidentialityRequirement":null;"IntegrityRequirement":null;"AvailabilityRequirement":null;"Severity":"High";"BaseScore":"7.5"},"Npm-debug-3.2.7","debug","3.2.7","Npm",,False,"ToVerify",,,,"New",2024-07-13T04:10:08.725Z,False,False,False,,,False,[],"CWE-401",False,"Regular"
"Cx8bc4df28-fcf5","Cx8bc4df28-fcf5",7.5,7.5,"High",2020-12-10T17:14:00.000Z,["https://github.com/debug-js/debug/issues/737";"https://github.com/debug-js/debug/issues/656";"https://github.com/brunodays/POCs/blob/master/debug/POC.md"],"In NPM `debug`, the `enable` function accepts a regular expression from user input without escaping it. Arbitrary regular expressions could be injected to cause a Denial of Service attack on the user's browser, otherwise known as a ReDoS (Regular Expression Denial of Service). This is a different issue than CVE-2017-16137.",,{"Scope":"UNCHANGED";"AttackVector":"NETWORK";"AttackComplexity":"LOW";"Confidentiality":"NONE";"Availability":"HIGH";"ExploitCodeMaturity":"";"RemediationLevel":"";"ReportConfidence":"";"ConfidentialityRequirement":"";"IntegrityRequirement":"";"AvailabilityRequirement":"";"Severity":"High";"BaseScore":"7.5"},"Npm-debug-3.2.7","debug","3.2.7","Npm",,False,"ToVerify",,,,"New",2024-07-13T04:10:08.725Z,False,False,False,,,False,[],"CWE-1333",False,"Regular"
"Cx8bc4df28-fcf5","Cx8bc4df28-fcf5",7.5,7.5,"High",2020-12-10T17:14:00.000Z,["https://github.com/debug-js/debug/issues/737";"https://github.com/debug-js/debug/issues/656";"https://github.com/brunodays/POCs/blob/master/debug/POC.md"],"In NPM `debug`, the `enable` function accepts a regular expression from user input without escaping it. Arbitrary regular expressions could be injected to cause a Denial of Service attack on the user's browser, otherwise known as a ReDoS (Regular Expression Denial of Service). This is a different issue than CVE-2017-16137.",,{"Scope":"UNCHANGED";"AttackVector":"NETWORK";"AttackComplexity":"LOW";"Confidentiality":"NONE";"Availability":"HIGH";"ExploitCodeMaturity":"";"RemediationLevel":"";"ReportConfidence":"";"ConfidentialityRequirement":"";"IntegrityRequirement":"";"AvailabilityRequirement":"";"Severity":"High";"BaseScore":"7.5"},"Npm-debug-4.3.4","debug","4.3.4","Npm",,False,"ToVerify",,,,"New",2024-07-13T04:10:08.725Z,False,False,False,,,False,[],"CWE-1333",False,"Regular"
"Cxdca8e59f-8bfe","Cxdca8e59f-8bfe",7.5,7.5,"High",2020-12-07T10:10:00.000Z,["https://github.com/npm/inflight/issues/5"],"In NPM `inflight` there is a Memory Leak because some resources are not freed correctly after being used. It appears to affect all versions, as the issue was not addressed and no fix is found. NOTE: In the meantime, `logdna-agent`, a package that depends on `inflight`, has merged a commit to address this solely in their package (so it should be fixed in `logdna-agent` in versions 1.6.5 and later). `Node-glob`, a package that also depends on `inflight`, was also planning to address this by not using `inflight` after version 8 is released, but it is still being used.",,{"Scope":"UNCHANGED";"AttackVector":"NETWORK";"AttackComplexity":"LOW";"Confidentiality":"NONE";"Availability":"HIGH";"ExploitCodeMaturity":"";"RemediationLevel":"";"ReportConfidence":"";"ConfidentialityRequirement":"";"IntegrityRequirement":"";"AvailabilityRequirement":"";"Severity":"High";"BaseScore":"7.5"},"Npm-inflight-1.0.6","inflight","1.0.6","Npm",,False,"ToVerify",,,,"New",2024-07-13T04:10:08.725Z,False,False,False,,,False,[],"CWE-772",False,"Regular"
"CVE-2021-3803","CVE-2021-3803",7.5,7.5,"High",2021-09-17T07:15:00.000Z,["https://github.com/advisories/GHSA-rp65-9cf3-cjxr";"https://github.com/fb55/nth-check/pull/9";"https://github.com/fb55/nth-check/commit/9894c1d2010870c351f66c6f6efcf656e26bb726";"https://huntr.dev/bounties/8cf8cc06-d2cf-4b4e-b42c-99fafb0b04d0/"],"nth-check prior to 2.0.1 is vulnerable to Inefficient Regular Expression Complexity",,{"Scope":"UNCHANGED";"AttackVector":"NETWORK";"AttackComplexity":"LOW";"Confidentiality":"NONE";"Availability":"HIGH";"ExploitCodeMaturity":null;"RemediationLevel":null;"ReportConfidence":"REASONABLE";"ConfidentialityRequirement":null;"IntegrityRequirement":null;"AvailabilityRequirement":null;"Severity":"High";"BaseScore":"7.5"},"Npm-nth-check-1.0.2","nth-check","1.0.2","Npm",,False,"ToVerify",,,,"New",2024-07-13T04:10:08.725Z,False,False,True,0.00188,0.56223,False,[],"CWE-400",False,"Regular"
"CVE-2024-4067","CVE-2024-4067",5.3,5.3,"Medium",2024-01-04T22:00:00.000Z,["https://github.com/micromatch/micromatch/blob/2c56a8604b68c1099e7bc0f807ce0865a339747a/index.js#L448";"https://github.com/micromatch/micromatch/issues/243";"https://github.com/micromatch/micromatch/pull/247";"https://github.com/micromatch/micromatch/commit/81e4d93b2c7a32d290337c0b2a2102e1b584b423";"https://advisory.checkmarx.net/"],"The NPM package 'micromatch' is vulnerable to Regular Expression Denial of Service (ReDoS). The vulnerability occurs in 'micromatch.braces()' in 'index.js' because the pattern '.*' will greedily match anything. By passing a malicious payload, the pattern matching will keep backtracking to the input while it doesn't find the closing bracket. As the input size increases, the consumption time will also increase until it causes the application to hang or slow down. There was a merged fix but further testing shows the issue still persists. This issue should be mitigated by using a safe pattern that won't start backtracking the regular expression due to its greedy matching.",,{"Scope":"UNCHANGED";"AttackVector":"NETWORK";"AttackComplexity":"LOW";"Confidentiality":"NONE";"Availability":"LOW";"ExploitCodeMaturity":"";"RemediationLevel":"";"ReportConfidence":"";"ConfidentialityRequirement":"";"IntegrityRequirement":"";"AvailabilityRequirement":"";"Severity":"Medium";"BaseScore":"5.3"},"Npm-micromatch-4.0.5","micromatch","4.0.5","Npm",,False,"ToVerify",,,,"New",2024-07-13T04:10:08.725Z,False,False,True,0.00045,0.15664,False,[],"CWE-1333",False,"Regular"
"CVE-2023-44270","CVE-2023-44270",5.3,5.3,"Medium",2023-09-29T10:44:00.000Z,["https://github.com/advisories/GHSA-7fh5-64p2-3v2j";"https://github.com/postcss/postcss/releases/tag/8.4.31";"https://github.com/postcss/postcss/commit/58cc860b4c1707510c9cd1bc1fa30b423a9ad6c5"],"An issue was discovered in postcss versions prior to 8.4.31. The vulnerability affects linters using PostCSS to parse external untrusted CSS. An attacker can prepare CSS in such a way that it will contains parts parsed by PostCSS as a CSS comment. After processing by PostCSS, it will be included in the PostCSS output in CSS nodes (rules, properties) despite being included in a comment.",,{"Scope":"UNCHANGED";"AttackVector":"NETWORK";"AttackComplexity":"LOW";"Confidentiality":"NONE";"Availability":"NONE";"ExploitCodeMaturity":"";"RemediationLevel":"";"ReportConfidence":"";"ConfidentialityRequirement":"";"IntegrityRequirement":"";"AvailabilityRequirement":"";"Severity":"Medium";"BaseScore":"5.3"},"Npm-postcss-7.0.39","postcss","7.0.39","Npm",,False,"ToVerify",,,,"New",2024-07-13T04:10:08.725Z,False,False,True,0.00052,0.20527,False,[],"CWE-74",False,"Regular"
"CVE-2023-44270","CVE-2023-44270",5.3,5.3,"Medium",2023-09-29T10:44:00.000Z,["https://github.com/advisories/GHSA-7fh5-64p2-3v2j";"https://github.com/postcss/postcss/releases/tag/8.4.31";"https://github.com/postcss/postcss/commit/58cc860b4c1707510c9cd1bc1fa30b423a9ad6c5"],"An issue was discovered in postcss versions prior to 8.4.31. The vulnerability affects linters using PostCSS to parse external untrusted CSS. An attacker can prepare CSS in such a way that it will contains parts parsed by PostCSS as a CSS comment. After processing by PostCSS, it will be included in the PostCSS output in CSS nodes (rules, properties) despite being included in a comment.",,{"Scope":"UNCHANGED";"AttackVector":"NETWORK";"AttackComplexity":"LOW";"Confidentiality":"NONE";"Availability":"NONE";"ExploitCodeMaturity":"";"RemediationLevel":"";"ReportConfidence":"";"ConfidentialityRequirement":"";"IntegrityRequirement":"";"AvailabilityRequirement":"";"Severity":"Medium";"BaseScore":"5.3"},"Npm-postcss-8.4.21","postcss","8.4.21","Npm",,False,"ToVerify",,,,"New",2024-07-13T04:10:08.725Z,False,False,True,0.00052,0.20527,False,[],"CWE-74",False,"Regular"
"Cxda14f253-4e52","Cxda14f253-4e52",3.7,3.7,"Low",2016-04-24T21:00:00.000Z,["https://github.com/petkaantonov/bluebird/issues/1080"],"The package `bluebird` is vulnerable to memory leak, when running the function longStackTraces() with the flag `--expose_gc`. This causes a significant increase in the memory usage, affecting the server's availability.",,{"Scope":"UNCHANGED";"AttackVector":"NETWORK";"AttackComplexity":"HIGH";"Confidentiality":"NONE";"Availability":"LOW";"ExploitCodeMaturity":null;"RemediationLevel":null;"ReportConfidence":null;"ConfidentialityRequirement":null;"IntegrityRequirement":null;"AvailabilityRequirement":null;"Severity":"Low";"BaseScore":"3.7"},"Npm-bluebird-3.7.2","bluebird","3.7.2","Npm",,False,"ToVerify",,,,"New",2024-07-13T04:10:08.725Z,False,False,False,,,False,[],"CWE-401",False,"Regular"
